031,20,149.94471015570633,29,152.28177560047112,22,155.03898280430695,06,155.69961070862746,18,155.86414522828363,14,156.72939532080943,25,158.75038460995367,33,159.00245218083174,24,160.4614588989716,08,161.8803671946381,44,162.3726928324508,10,162.38596493268946,41,162.72318890277953,23,162.79127823893063,03,162.80215802333691,42,162.92877067218637,34,163.6382812715868,07,165.29686849594285,05,166.32005806053385,31,166.38055101465488,26,168.2875991648405,39,168.72026001350156,02,169.04585199817421,17,169.06605793429526,15,169.3086467016654,11,169.81134858046846,27,173.19655993226738,28,173.5498607462131,32,173.6402075231224,40,173.9879046260691,36,174.19854337035406,35,177.1428748160212,04,178.64255015028982,38,178.8765349097052,43,190.77444006918753,21,193.18451741066505,45,194.22032777267233,09,200.86562662626034,01,202.53715456461578,19,219.22410188442092,13,240.2064210477024,12,243.35370699028576,16,247.56361781041218,37,250.6851144504032,30,270.8700558683115
032,03,133.03207478285498,01,140.17374563963995,32,142.85581730993982,13,143.3742115048559,23,144.75930958640186,12,145.47150909937093,40,146.20041475174725,22,146.89239624795292,41,147.07078255927894,20,147.430496042494,27,148.20227030624366,42,148.4419058751957,10,149.3871136959634,09,149.45678622508635,36,152.12865502625453,05,152.78040188526995,21,157.24675944020254,26,157.2539549587565,35,158.84491365520608,44,161.37413234490572,04,161.63433112687807,43,161.8345736442948,30,168.70170296494172,19,172.85668181984664,02,173.10242067101134,18,173.60718813201373,29,175.34922962860782,14,178.0030633408001,24,186.44937946551053,08,192.73770501066872,06,198.115593082099,15,206.26296904891393,07,214.7660664476795,45,216.6981327825926,38,217.01290662163257,17,218.64884383152798,33,222.07811026982395,34,224.37484569569907,31,239.858859698278,25,241.33361427311257,16,247.9161858934438,11,248.17990133905914,28,250.4468484898914,39,273.2055217510323,37,307.83126469557266
033,39,181.72441935939088,01,188.3550458802433,05,194.7955758104583,20,196.36985400397606,33,196.95628707875454,38,197.4883697406669,03,199.63127435645285,36,200.66406105952086,30,201.07986566763756,13,202.66204138751363,10,202.71020283901734,34,203.99681118381477,19,205.40673533897507,44,206.16498646256701,35,206.26873876247578,14,207.67157545561372,37,208.82515440930334,18,208.9598323942053,40,211.21125990826553,43,212.19939054429005,04,214.77217841412897,45,215.03094884973947,42,216.77203635922191,26,219.5226743182544,22,221.63896828451533,07,222.00104005653262,09,223.67832319167093,41,224.72575969353426,31,237.5019077330664,25,238.59950827840345,15,241.9182979278975,12,243.69107223012207,02,243.90112042425062,08,251.061278363677,27,258.74397452273774,24,269.5955949736647,11,271.55882879504185,17,277.4753145162908,32,286.5665414983317,23,290.5567382808702,28,293.99064402258233,16,299.16285958350306,29,327.26992671549226,21,328.0396148760601,06,446.5090919693829
034,33,155.6146458918344,29,155.81351923242627,30,156.79323301488256,21,157.08488201639912,23,160.25110298152632,01,162.77885311322612,32,163.8162155343604,07,169.3537811182024,17,169.57682958307748,15,171.42511092585167,12,172.43064990900893,27,172.8374387239002,40,173.72930392620296,20,173.8401491810103,18,176.83487511918435,35,179.52498134473439,08,179.65866726054597,16,179.69169173042167,44,180.30162766277687,31,181.29037685128802,37,181.94224516262278,22,183.95106367936611,28,184.1984679589044,05,185.68566569849827,34,186.7052921948642,26,187.65385145738026,10,190.44929365586506,04,192.71004002259573,14,194.17878710642105,39,199.17610689146338,13,237.64368208075228,11,238.30636514668862,36,239.7559173981988,25,245.23774829325893,38,246.06958489775633,09,253.85020581185418,02,260.0979140055418,42,263.985811518624,41,275.74467206669283,45,276.93285801389175,06,281.23782842915716,03,296.285136871663,19,297.91260408680137,24,322.10874383767583,43,420.4246010303594
035,08,142.67970990662775,30,144.36979006068387,38,145.11271938962605,31,145.31928075361333,01,145.38297154521916,13,145.5846098868409,37,147.41712047791836,10,150.22717695557847,03,150.9032617662861,27,150.9315467603928,28,151.360695456021,15,151.38401939314446,32,154.28240506274807,21,154.36369167199967,18,157.0086618279143,41,157.96371712789755,43,158.6549850133125,12,160.230177336248,04,161.65746105462375,14,161.7936750443152,33,171.47821402235576,34,171.59459516415532,39,175.05189640107616,44,178.72183194766677,29,180.1241465416707,42,184.27127171954393,40,185.38222640627714,24,190.37450344535426,23,192.30451538271038,35,199.1744011128027,06,199.45604138860847,45,201.4524777521423,22,203.13383240034005,25,205.60273520993118,09,209.37819632743043,07,216.41579654389784,11,217.9198587428128,20,222.36718110139282,02,222.87611669522067,16,223.14758893000644,17,227.1927267868876,26,243.29691142050783,05,244.93614072089264,19,260.2769728643742,36,268.8104134709623
036,36,143.10862403391334,06,143.2269071227864,13,143.59770331417883,15,147.12037487543301,10,149.2122765024798,26,150.42893654640136,18,151.2034111609791,34,154.13706104066324,20,154.16391235403526,14,154.64474132566704,31,155.514481955132,17,155.61915408749385,28,155.8439374489787,03,156.1599413698181,24,156.45173354511394,19,156.8952645175942,43,158.55054282135498,41,159.98438248852034,05,159.99385399115255,29,160.24393605508112,16,162.66524954905407,45,164.38920794624278,27,165.54685739231354,09,165.56215472605425,44,166.97058683714016,01,167.49369959464494,42,169.65705758871113,39,174.89798557429245,21,175.47004114759028,04,180.01066563673183,12,222.09711327462747,07,230.66514656471495,08,235.17766553295297,02,244.05461258501887,25,250.328703216214,40,256.5686280286928,37,259.12701119444864,33,263.2637320893125,35,271.32808301413763,38,280.4925637410146,22,289.91704121277587,32,316.1018057563916,11,325.60781377298906,30,354.35660550996806,23,401.01007801589134
037,03,143.70938608568002,23,147.33928856586382,14,147.8187004622552,01,157.96043462905342,15,158.23716305818888,26,159.66951192472146,11,159.95023449101387,31,160.01591183271168,43,162.19727929192814,12,162.5454081341757,40,169.85011574174655,08,170.00361298297577,36,170.18016020070303,20,171.40596975899473,18,171.82981005844096,21,171.93070391543677,39,172.42331897427,33,178.12917964169912,28,180.10821597534868,44,180.82461344127472,38,181.07022006203874,35,182.89254427597217,06,183.7855027209782,07,184.65826103470835,27,184.95549801755075,22,185.7661832723697,17,185.80846105688698,29,186.4708372837314,10,187.18136590716435,32,187.67244935056254,02,189.51072753354262,19,189.60904861005218,34,189.76912321438968,37,190.7302733817608,41,191.23664927031922,25,192.7315934310355,09,194.8070777913868,04,195.12212412130933,30,196.58793083150263,42,196.94207118859677,16,199.45411060048568,45,200.36505299703634,13,200.85231356014893,05,201.24683498532696,24,203.48630031992872
038,08,154.7768802198877,37,155.56203086728163,39,168.086792220151,42,170.36814005943253,27,173.43093321572945,45,173.65922515051926,12,174.19558017946204,22,174.8648446067469,05,176.7311027009277,06,177.00767665941547,17,177.81610952167034,14,177.98179985627866,43,179.31845515389264,03,180.24701955735958,23,181.42538511377074,28,183.00021291270087,35,184.6076226047865,01,187.217517173438,30,196.62900347308764,31,196.6827097044104,24,197.3620180846682,10,198.73522042920803,20,200.2833095276684,09,202.05632355029684,32,204.51419948221638,21,215.68857993028138,02,219.39772746815711,38,222.6907206158377,34,231.99953844889146,40,235.72814800134114,15,238.72486641456877,29,252.73155473622757,41,254.44832267643156,25,254.49976699940007,44,266.13287630930085,26,272.9411995223569,18,274.593215943798,04,281.4702572254175,33,287.4729133163536,07,288.19301246857196,11,303.0306030656281,16,328.33734600475657,36,337.04949033021376,13,344.52467969659955,19,351.0481616075307
039,03,142.12052470551475,08,142.53463844240733,36,143.75245749867977,44,144.6597573140757,01,145.04614020579,33,145.05725922551568,39,145.589060990918,41,146.0080134377999,31,146.19546623089792,06,148.62193249073113,16,148.71375070147525,17,149.74785418475986,40,149.9924481959753,11,150.838316582761,45,151.59431119276843,04,151.66209483257475,26,152.30981827186014,28,152.65867653787998,15,152.97199228379105,02,153.87808083237778,42,154.26388909553623,32,156.90774774873276,35,156.93818101398185,13,157.3932811889293,12,162.945676186311,37,200.57563981048435,29,206.5285317516109,23,211.84225822691798,19,212.75536279778052,22,216.1414647825271,21,217.36498907650994,18,218.1650119910537,43,226.1525953232279,25,234.6589658943598,38,247.0173978947675,07,250.95683243219872,09,254.61102182735576,34,255.25259229396943,30,257.1247315577981,05,257.33378129598594,10,260.39776208117735,20,266.8957164941458,27,287.3764509733322,14,302.7917124093202,24,307.56023182413503
040,22,149.52814000653282,20,162.6283051310217,04,164.4870272248657,40,173.1963083212642,09,173.55938304100414,41,173.91012981570844,17,175.21148478179316,33,175.80992865604966,01,176.02089403722303,27,179.55660984981358,02,182.73273722702749,14,183.3229429541056,07,183.4262545117329,26,184.62898718136464,03,184.64442298372052,13,184.95203092979375,32,184.9947097240156,06,185.58053235581284,05,187.50750165803802,24,187.9980368758503,29,188.8304195494639,30,189.29415771841315,19,194.22854978659916,18,195.97731842422485,25,197.64957236147933,11,199.42085778333077,45,224.11612204619445,44,237.01176629173528,34,237.17178013477337,39,237.87896510372207,10,243.70368404732704,23,253.79807596717424,42,262.33424299928913,36,264.39550761608484,37,273.580876297444,28,277.2759749761084,35,313.90007891368924,16,327.4915022706579,21,327.92130629067964,15,350.8437134539357,12,396.2168356713894,38,402.6451877717883,08,419.9368613777001,31,470.39344983118764,43,537.0846856981556
041,42,147.46835573593026,21,150.7992144705932,06,151.63552405040122,23,153.97685062406794,12,154.30169490142333,24,155.78574029431303,45,158.05918868556893,15,158.7713806497299,35,163.0255328766271,20,165.19545838592563,16,166.29849048355396,38,167.29050426405837,25,168.69005647890341,30,169.88736559838154,03,170.21366795302202,09,170.4977698827418,28,172.0304810259977,27,172.78287162038828,43,176.6688396790621,07,177.3231302639452,40,177.8251920329513,05,178.15706285248984,26,178.71145411047718,10,179.68988652541717,02,181.45465932065304,11,183.01224280723756,22,183.56277245755336,37,186.23235595713066,33,187.07894788262772,44,187.70658399406287,39,201.0190259095695,13,225.6063401256277,41,244.99614880775158,34,246.89044037554157,17,259.8061836140857,31,266.41999693689615,29,276.49921410153365,04,301.57157403737403,18,306.1190048086971,32,314.52510488439515,08,323.7788463766481,19,334.06910465152777,36,340.0424630040084,14,397.46219636567093,01,409.29799406943664
042,23,164.82874589714754,04,165.06821770421575,17,175.47693489280582,05,178.09266226839082,19,191.79237886907458,30,194.81599910152892,01,195.27988660689664,08,197.77852874021193,28,198.21125531919068,34,199.98850729858293,18,206.90326354629033,24,207.61382153935764,15,210.42468371879545,21,211.17832055400976,20,211.81468637741787,12,213.68351968500042,25,215.1366177182807,38,218.83692650200823,39,219.8826750903715,14,220.87986458594028,35,224.66180840138082,29,226.25739262640013,33,229.02860987206904,42,231.03543846020324,44,233.49998281541374,45,244.16534267563557,37,247.4223713052375,27,253.30430800360728,43,269.0975012915893,10,271.8908411783781,02,296.23774800482613,13,312.32192483000244,09,313.804629056724,41,317.9688747971562,31,330.6685259474799,22,346.1408320720908,16,375.67741713298904,06,443.5145082226759,11,475.41536460568966,36,499.0378545787098,40,502.1118401876611,32,505.88859599458755,07,515.0108313183107,26,548.4274858788831,03,602.4923842333658
043,01,155.0317250811452,32,155.72940185025124,18,155.917607757854,03,155.94509809336316,40,158.32147159791438,17,160.28899579170215,16,161.4152416864469,19,163.3437400725415,45,163.63245691103518,08,164.02531882803342,42,164.0284199023129,10,164.20461545978105,12,164.36691468842108,15,165.13351030250772,41,165.43657852509688,04,165.62391545720251,37,165.9228787660526,28,170.20015170933914,38,172.21507231097877,02,178.7279383915781,21,233.12345666531354,09,245.05954590664783,33,261.5627180161421,22,265.8549061477167,23,267.57787102209784,11,277.1832484321329,31,292.41472972256764,07,305.2844565781632,35,313.1562980525267,14,324.6923657875542,30,329.83654923288805,34,344.58557915199265,06,347.25265089435635,44,353.87032798835605,26,363.59664763216585,27,370.2379546263091,36,383.8448960775403,39,393.498851185711,05,398.0710872499318,29,407.6557073119294,13,413.5808154470568,25,416.48593946141716,43,457.77791849939524,20,505.65904027208745,24,593.7441829416464
044,07,318.8747790056721,28,323.63719739351546,44,325.90954831666204,10,331.61622237141586,31,334.25159920780817,14,334.2601334567799,05,334.53901816476116,18,335.7326031220868,24,336.9343012334261,41,340.0705062171428,23,340.6230061282367,30,341.80234250469005,26,343.026288868825,40,343.3148077341396,17,343.6972674770619,42,345.6953433869058,15,346.66650579653634,29,354.4776272175951,11,356.41867789067817,12,377.0366721717654,36,401.2593236595664,03,401.5585105404215,09,408.4683341609322,13,442.40122798256635,38,456.40719293739176,35,471.69099795269506,06,484.2707652139408,01,489.72959357402124,22,490.2109451096124,19,504.59979314165076,39,504.9674796483929,16,509.418901887657,37,518.6891122338722,08,522.4141497559172,43,523.4625674802085,21,524.1886966494013,04,540.788233541143,34,541.7240612265884,33,553.6795247653922,20,555.6473990780618,25,564.6675292410353,45,566.5760699858916,27,609.618883946245,32,610.4587595152146,02,642.9920576521943
045,34,212.22767801550177,25,215.8598964582281,44,219.76105853353906,11,219.77498662706702,40,221.62383232578077,31,226.67505537679753,13,227.48967419968812,32,228.25350337932628,35,228.90063243158184,07,232.32580914834253,08,232.49289562162545,33,234.2619207140187,30,234.8808712926022,17,237.1585432121214,09,237.43893148196076,02,239.22190917009894,45,240.2379290891071,28,240.54199368551298,19,244.0692325493785,16,246.91237889157597,05,250.68769041326513,38,251.3176208931071,37,253.38687034416375,20,256.65329593247077,24,272.6777555908956,15,276.15099616534746,03,278.1654526535314,06,284.36361713147284,41,291.3410437940478,22,334.2073238151118,26,365.5687124115149,36,369.8311225481244,23,373.74775242194994,10,427.7249054199718,29,437.05942241520336,39,477.8026015150757,04,485.58909708780374,01,519.7849714728601,43,551.6166183495924,18,568.0399581905456,27,599.9373402887985,21,615.6973806573752,12,622.7741362179477,14,630.438718319792,42,652.4089509674799
046,18,325.910106184941,25,356.0050723805347,21,367.84930963048237,13,373.92636171697853,42,381.967003195614,28,383.8051020990145,33,400.0859411737687,34,403.46377213894846,27,404.8621731897526,22,412.7291836109277,23,429.7331424779263,01,435.50453676597107,37,444.54654515970185,31,445.0216278896979,30,464.78537592231214,32,468.320746617563,12,471.2728512060541,16,471.3698617117235,04,472.48847267635057,38,472.8197467500314,02,475.3369649971469,06,475.37582994667,07,475.99392557689714,08,478.962018115047,24,479.81298466194147,41,485.27105891850215,40,488.63507304846416,44,493.9901104496836,17,507.1417503334952,43,510.4967018500312,36,512.851895161657,26,527.9550027167068,11,531.2325003058643,09,536.5775468849461,29,546.3253139795677,19,547.7385636134643,39,564.2857774741369,35,579.1379916319261,45,626.1713538518565,15,636.206892542382,05,638.867862417075,10,647.0569465603443,20,649.0094277148658,14,752.2184006302894,03,832.7550946818859
047,22,241.00327254471875,08,244.7861062603853,35,247.31908638766672,14,255.5966039526234,33,259.67522885315213,09,265.3740107313494,37,265.7728728607475,17,267.07720933800186,23,269.36666874530994,04,274.34098412468575,43,275.2882871943639,31,277.15661781395096,25,280.46264336539355,13,282.0168504899911,12,284.56623858620964,03,285.2875758030109,40,288.6656614454581,21,290.2644324671012,15,293.2526182305169,18,294.4003789999357,42,298.37804643319566,05,300.9418439655029,45,301.37103395321157,38,301.37230704356296,29,303.3596460825003,41,313.63054298631425,39,315.53083259416553,36,317.80459490322755,11,321.12718843745137,16,328.7346242674335,24,335.4630217750374,26,337.5381185850141,19,351.9133901198255,02,357.2773126153908,01,361.61035487590476,30,373.20123412284164,07,378.18099980973784,06,396.0300888522777,10,403.9801665032341,32,471.1923219759492,28,476.9377215531693,20,506.67086739421995,27,511.1804468840056,34,522.8576796597298,44,555.2478977746387
048,03,136.9677359945846,38,142.7716933626226,01,144.93093357314615,06,147.00045399419514,35,151.69771995412663,33,152.94599583993303,43,153.79474788885048,12,154.97852412152696,40,155.22754696096052,18,155.74719805339745,28,156.53096986988794,08,157.69999239851433,19,158.7221761429861,21,158.7945341887415,42,159.0467416226738,41,159.77047955500333,14,160.240243481773,23,160.32706821156188,37,161.04673358297862,22,162.22358914202422,10,162.75912792585467,11,163.09242591398652,24,164.10885820580552,39,164.54561089925355,16,167.54247431868657,25,168.99706210251762,17,169.08927350754624,04,169.85404463762094,26,173.0721899256712,31,178.1071387756845,45,179.1128220318538,27,183.35388534075696,34,185.49357590610725,20,185.57193212407424,44,190.56882140370723,15,200.43279121909848,09,205.13485672155258,36,209.12028908367535,05,223.9677874074689,13,245.07781871619645,02,279.28036629188273,29,292.31612958927064,30,292.9156243706931,32,314.21914323053363,07,324.4231158220881
049,01,144.01564293511802,16,146.26612407786547,15,149.4490574070104,39,150.21766292929948,43,150.68981465955684,30,151.3324296683503,42,152.69541122462093,09,153.19415277958305,36,154.64100247657626,35,154.69832465721066,11,155.66569927786244,41,155.9187050626961,45,156.21172195415843,18,156.56247561045072,12,157.2394205611725,40,157.43687646042343,25,157.8438728239317,02,160.36806563759637,19,162.32897797914814,14,162.33144941776936,21,164.62210749572344,33,167.98973599511683,32,168.44998725982276,27,171.609372242563,37,173.92270564833586,03,174.02543302810835,05,177.79415287613486,06,179.27919903135412,13,180.97825465872208,17,181.65148921577875,24,185.2709309973796,44,185.81125750892664,04,186.05029922752692,31,189.7722048721909,26,190.60577395514184,10,195.30074830936886,29,195.60017966544456,23,198.20696437098957,38,198.4319492147888,20,202.3724965601822,07,204.27611922717745,34,205.37967929228503,28,206.33038017589553,08,206.42534443516638,22,245.34084615996653
050,01,186.008593270416,31,191.37720596481967,45,193.97159109475257,19,194.87518325237974,05,195.02324167769498,02,196.61110966332438,16,197.70291173253497,44,199.4230885375419,33,201.1718173386079,22,201.99095729296437,28,203.14305219646462,11,204.44710927620994,20,208.64740259581222,21,209.97913279999088,23,210.26294481830078,03,212.23221072779538,29,212.25344468488908,08,213.31351893552073,38,215.0104112058413,13,216.41564713112876,14,223.31820341635688,32,227.0874036808879,10,227.5145168721398,39,235.31402485338754,09,242.52137537459052,36,242.59350962164376,27,249.8447862972749,04,258.96647489927716,41,273.4993618273353,12,281.48256217516393,15,286.40710540742253,06,289.9733319947662,07,291.9236709477499,18,298.67826782796203,37,301.0179732392954,43,309.93671552793455,42,313.0754462320157,17,327.53295630660676,24,336.0011667067977,35,338.63294672571806,26,347.26985236588075,40,378.21505309590077,30,434.24044216170535,34,455.27571875721026,25,490.76861834814207
051,01,127.08375443136113,31,139.25881630047144,21,141.45836762145262,44,141.6155413344542,45,143.02624081643305,17,143.4074743464208,12,144.80139293828228,18,147.45361923321147,02,148.30408414330506,09,148.55019854694677,11,149.132715105255,38,149.59766241749395,37,149.67752028403476,19,149.98882891447892,15,153.74224778416595,10,154.83600913657884,07,155.1992788820948,23,158.46840567155533,25,158.61891233653435,26,160.4998978460472,41,178.09646061299165,42,193.29698359211042,28,196.814179768907,29,198.28844961188068,06,202.8552245094458,05,207.98075526050314,14,210.20582167412073,20,212.88019219064412,33,213.06589292146663,43,224.2083490978427,39,225.20716964956,36,225.27472726517286,30,225.6629971183926,24,228.90305545946666,22,230.2301971374308,16,231.48834994845583,08,235.19423969988202,03,245.62231969613146,35,253.75660720272884,27,262.44633391563826,13,263.416766533807,32,264.9334207358094,40,273.5934014900639,34,280.1604854122882,04,293.5963201469377
052,15,166.22530812815256,25,167.21504921638515,14,169.35428942593282,27,169.7532661253068,33,170.96185555184658,24,171.81261458220112,40,172.0558446909837,21,174.43417148036428,32,174.78784606354515,20,175.89483090635474,22,177.7249029948774,19,178.1056804731729,26,178.38794374863346,42,178.45850069483006,07,180.06209594078055,43,180.2287964448756,41,180.2721489902003,28,180.5803447496623,10,180.6303308161693,11,181.50726774618215,29,182.97325066510587,04,183.70763488152573,08,184.27383198415683,23,184.64435755035757,35,185.0331356039705,09,185.37036501409807,36,189.35108335291915,17,191.67444927924547,30,202.6972753466486,03,208.60141175347948,38,209.87260983910437,02,224.50141023730802,12,226.68676732046325,44,226.76353505217372,34,237.1485317308182,39,246.97960621128678,05,248.10733300623264,01,248.84904893275726,13,251.90284188391792,16,255.53688386350146,45,259.04164450837044,31,284.4740387608286,18,314.8838945083467,37,323.7388338056045,06,356.45255381594615
053,08,271.10024712303436,22,312.57659100560255,26,316.26333032692685,42,325.56082339351235,38,334.2617953861832,05,334.8977888797957,40,377.664894937756,04,385.2831299888359,14,391.7720572357982,31,393.9458238283383,24,401.3346265520604,41,401.8374899255633,12,403.3314640869751,32,409.9254224381066,20,410.3131597441141,21,430.3410130897031,28,434.2660904361927,45,435.5330036660824,07,437.08441185221966,01,437.412733340754,18,438.9423683984629,09,449.44443256092427,33,450.2161004780879,39,452.9993551790982,23,470.94655716521686,10,488.5201545253296,06,493.3778123105229,35,495.23793101115444,11,528.0586291938796,15,572.4306950609711,19,580.4018251448222,34,618.4899712123118,16,659.5134839954259,43,662.397874555195,25,681.1889957158828,29,684.0444982726328,36,776.9484412371271,30,808.6416800928359,37,836.2129578513568,44,900.3875821188118,02,928.0250964010847,27,937.3145601262619,03,1002.9304357469158,13,1013.0300921662422,17,1166.1218621614669
054,42,189.35110323488607,10,212.0949922705941,18,225.30292188931762,16,238.60100548350698,36,241.02519879594038,27,271.3957683709456,25,279.03475776050846,37,281.8891468281593,12,282.1182646300421,19,283.1040456058473,21,284.70016031202124,07,287.20721679565696,33,293.43665844341245,06,300.3364146441887,40,300.8509878701419,20,302.4886198033478,45,302.7239771105566,30,303.997783608551,05,306.76893403713194,09,307.37294253133393,02,308.3618796142009,44,308.79989896823486,28,309.32555898100475,11,309.73275815855806,24,312.1011926064805,08,318.2664519695028,41,318.41305372515416,01,327.8408009603478,17,329.8367997299487,15,334.6693574595964,03,336.090484264928,34,340.8600902924708,04,344.3020870748163,13,358.8909107303421,23,360.0130073630485,38,362.0275261939072,39,367.72828552711604,32,372.4955707054787,29,381.68560663498045,35,429.713240649541,26,439.0591872160238,22,463.3742797698269,31,478.710204698513,14,548.6458430357823,43,568.2309132064773
055,13,128.44062629577445,24,132.53837320261164,19,135.48211592036864,25,135.9661591466325,36,136.8484280360576,11,139.1718334575564,20,139.70274514646502,34,139.85440149583718,06,141.52447275936657,27,141.67751204254168,05,142.24658226694686,23,142.32058244468175,08,143.0308517949769,38,143.54446141749773,01,145.609526965668,45,146.64362917009947,12,146.92390037864575,29,147.4921157945027,39,147.8843192264754,33,151.82411507271485,09,152.2397598618029,43,154.9480330522741,28,156.66644135123525,16,159.57935099310365,30,167.69849013268313,07,173.85959583827943,22,174.09598369751777,15,174.56078361632834,32,177.1110092586705,21,180.12357959434092,40,180.81207624350344,44,183.51303940876514,17,186.8495538655112,35,187.60438395643718,02,188.07774026173973,42,190.91662876991455,26,191.4494887106481,37,202.2114954915417,18,214.4052495573207,14,215.4928433788888,03,250.7034559484736,10,251.614513338364,41,257.47195384029914,04,293.1085253761496,31,315.7607801600826
056,19,249.81520642818313,29,264.5762261306824,35,268.5356267241647,45,278.7510655009825,43,282.48431258108275,42,287.84311635588983,09,304.66843717413843,32,307.0260389475567,28,309.044521423418,16,309.22048680012455,12,311.2921530470677,34,311.29881183798864,11,312.0813374202809,20,313.4222934642428,24,316.79865024849886,03,317.06970909451155,38,323.7430930360454,02,325.4714111009217,41,325.6120828907059,26,328.523709265231,17,329.4590147140104,15,334.0451480889077,30,334.77299630775394,05,335.63719888486196,06,335.75487513318296,22,339.0932896839665,07,342.38588543987873,08,351.4042879372588,13,356.4956384780767,21,359.25976445123126,44,382.04558967777797,25,384.2797764702228,04,402.09970572975993,10,407.3638779119741,40,409.7466646859801,31,411.56768100227646,23,449.39077646816474,39,457.97766916466446,01,462.9851266363886,27,469.9529269692545,18,472.01568968704987,33,475.5538450838145,37,501.34336513639374,36,518.7982738107752,14,768.6783422854744
057,03,140.54751794864396,13,142.0188468365109,10,143.54533001443966,25,145.31872742461667,16,145.50563489666632,31,147.4167694658156,24,148.3813689544585,06,148.59510068997542,37,148.68440450747272,12,149.17174869369128,05,149.60775869709204,40,151.25627906531452,42,151.96099226464202,27,152.05125455996352,23,152.26319278349882,09,152.71083634956986,34,153.38494006823362,17,154.2654723403645,21,158.4144753275886,33,158.69148797022424,26,159.5107498490276,02,162.01521600018367,38,164.576714240493,39,167.02592069907593,08,167.1776594164796,01,168.7443829577122,32,172.0431396631666,44,173.07579891702375,29,174.1727722947458,19,175.73044912662823,07,182.4044176607477,41,183.39164050921335,36,200.17738422721945,43,204.0820425034758,22,205.51056243763415,20,226.08569643553727,30,226.7330594237322,18,246.94954782377104,04,251.26481982872892,35,260.6244280478051,28,271.8377958097193,15,272.27034017352236,11,330.3431900132205,45,370.9615019863172,14,375.87214450301167
058,29,136.89520607809212,26,144.1826193896622,08,144.3855990659798,18,146.14848397264157,45,146.5858691597102,20,148.51604385255646,03,151.82461369592525,43,154.05418786468778,36,155.14865522403807,39,156.41378426130547,40,156.7712511696638,23,160.00740410209502,12,160.04957323505087,05,160.73231094025056,42,160.82969437082932,01,161.09994707824285,19,161.6546118273217,27,162.40079188664367,44,162.94176342428514,38,162.99982491026384,13,163.77663497613474,16,163.85267128680067,17,166.08436255178145,04,166.38205617937442,02,170.4239043559163,33,170.63629789104823,25,171.1613986683428,21,172.02759338048435,31,172.77092618211162,14,173.74403198436465,24,184.17929203553635,09,186.21059895338325,30,186.61030007302287,37,205.17317040167137,28,211.15188292214106,32,213.11995285064722,15,225.14932902025316,11,225.6864851218288,41,237.8839888450164,34,246.05051769560077,22,270.2565008705145,10,304.5483080638985,35,364.88311337144177,07,528.2051982522763,06,570.6917309275192
059,12,140.38735448923578,42,148.81944099211847,35,154.8738400484817,03,156.31204508413458,17,157.70181019523213,21,159.5393820368017,19,161.9267813704476,31,161.93306816846757,40,163.72523496087962,14,164.27461705096465,43,165.30414362730068,41,165.31508743059777,24,166.0265095261445,30,166.4406963091588,22,167.96090061384638,18,168.3171055804674,36,168.41635448877454,10,168.64175390529172,29,170.97220895698064,07,171.4637963163005,25,172.76675588844788,16,172.93721360501763,13,172.97386052159948,37,173.91042060536498,04,174.381976240139,32,174.64875820702463,11,174.87760929987348,02,175.8160228064349,26,181.82553689457004,08,182.44753284477957,45,183.0716192771874,01,183.1419944123404,28,188.05088365740968,34,189.74482527256777,05,205.42215865510397,20,206.19962686165732,06,223.62315279104996,38,287.7295664669986,23,300.5156488710995,15,328.50797910462813,27,334.5775900196958,39,419.3254782484516,44,574.1434568254713,33,654.1015587347956,09,800.0652201815022
060,10,146.18027317319604,20,146.82326845164116,39,146.96810904763942,26,147.64358779715394,19,147.8753130641055,45,149.7707906206652,42,150.22717754261004,31,150.47817615678912,43,150.62098507517314,28,151.83524333824693,24,152.2431364135013,35,152.32213701333964,05,156.48678794792434,08,156.6408920073625,41,158.78574386080703,22,159.17296586725934,07,159.9394312914857,33,161.96678518060267,37,163.17694131489992,09,164.04821621204562,38,165.40438522842402,06,167.2608325652448,15,168.3800620621821,01,169.77458373534688,04,172.0188736700372,18,173.32269277972722,16,175.38242971086186,32,182.06493159513906,02,182.4785379654161,27,182.9758892308252,11,188.77906278558746,36,188.8714194681962,29,190.1588369668165,14,208.48316572191908,40,209.47515478417398,03,216.35593828563728,23,236.2320332133699,12,236.44065258173978,34,245.5573774714438,30,265.0125357809409,17,310.6803247164995,13,345.62501980470154,44,416.0510026255389,21,416.8137955535635,25,509.30412722833387
061,25,199.46239190465195,19,204.12820978846298,18,207.32774361382576,10,208.27017207048624,07,221.3046462352244,09,226.84385991329464,23,231.41185258792893,14,240.3512047955472,16,244.1309678807683,44,244.85916201120804,28,251.60355689219278,41,253.3612533902288,45,256.87826387601825,06,257.3418096999016,30,258.0032502853338,04,263.44429074884545,05,272.5721895826803,20,278.9195810332276,21,280.83238129286406,34,282.004544913072,27,283.1987351480137,37,285.65332800854395,03,288.0163093154621,15,291.85141547249907,13,292.0652632030111,22,292.4980258167401,08,292.9908007355254,24,293.2806883890552,35,302.5894975155728,43,318.66042906658896,17,319.39409785072036,33,319.9826042441217,01,320.1428524569252,12,327.5174874443561,36,333.1611240072602,11,333.3079811208592,39,337.5255219982446,32,341.1707671879646,02,346.8970302584677,26,377.67739708090744,40,378.02998043367995,29,378.6186090143727,31,390.6224206470855,38,396.2800822172452,42,448.3888009485422
062,35,158.46320771217296,12,168.0630823966832,04,168.67783408452664,24,169.67258134853353,42,171.49130629862242,14,171.91010891990874,43,172.35227949117098,19,172.7601639602508,07,175.72401040833662,08,176.57469554806963,44,177.02678266971697,41,177.89641920126263,45,178.7576672264841,11,180.34262830098248,26,188.3819924661876,27,188.5998964588518,36,189.07382704963945,15,194.91711631598426,32,200.89374259811396,17,204.68577496437007,13,208.24299198814984,34,209.13052898468163,20,211.1719336442462,38,211.2812852415745,31,213.03189563822366,18,222.09977670362673,22,225.22868393264542,37,238.6660293521506,10,239.16187800709312,05,246.07084080211104,02,255.02585191796706,30,262.5372509410322,40,262.78307768673574,25,263.02610407260073,01,279.72947130860416,33,304.1709396643247,06,308.01722247047917,21,308.4406181540002,09,308.7562010067486,39,321.01402984476965,29,338.43544665187744,23,434.2575182822926,28,476.96355699370963,16,491.05360591592273,03,498.72190257354316
063,05,193.9621032471039,41,196.94329241024874,14,197.3152700021725,39,200.4167004643982,01,201.437912492007,29,201.51215800368323,11,201.85215758490364,26,203.93455440602924,43,204.65552779462786,28,206.3456252892732,08,209.09349971882278,17,211.11084930677026,03,211.72315083789027,30,211.9683527012866,42,212.68009327832405,23,213.15170133091243,31,213.86819758563456,34,215.15723584526808,21,216.87493817753085,20,217.28260858785634,40,217.4896589198282,37,218.53927728083067,10,223.04714579119587,13,223.13358507799558,06,229.30711760228127,38,230.8158863775538,36,232.31919564545697,22,235.63328993102306,32,240.39980947620302,18,250.74125309084212,24,270.65408365101314,35,286.7723139599576,25,289.3329610106271,45,292.78326272222324,33,297.75786102461626,27,315.3447393454783,16,328.167464763557,15,328.7762255326294,09,355.555373400668,07,371.17574180581295,19,385.97944524865204,02,463.4861580664269,44,517.3164567009428,04,577.161813924249,12,794.9734870719866
064,01,124.24319640936025,03,125.4922077648115,28,130.49436196164933,17,130.76526204166655,16,130.77928188016955,41,131.63408733915975,06,132.3105081589583,10,132.52000767014187,23,132.9976337546711,30,133.58399542276487,21,135.08462712642734,39,135.275038417639,35,136.0792555128895,31,136.15562311357985,37,136.80498721707778,02,138.4785074541394,08,139.36236606705407,34,139.59537669655535,14,140.58523749603268,25,142.81360731309,36,144.46404143180786,09,146.0535226637734,04,158.83793772209512,45,167.03060041424015,19,167.5762105607841,18,174.20242817919237,26,178.56259047438863,29,178.63048955738455,07,180.5951073959847,15,185.42247148995898,27,190.03900344227014,44,194.39184947033684,33,206.3706252473064,40,212.1078664640044,12,247.7009708732081,11,264.22662884556723,13,269.12734099589795,42,282.57524937280544,05,286.9459981899025,24,331.7457765366857,32,334.4070556868122,22,352.8012981227092,43,362.06113051171144,20,399.55022490590204,38,417.439133257518
065,05,138.8649219256793,06,144.18973464107737,36,144.59952814177782,15,146.75661246454325,25,150.79455613650833,01,194.69297687198892,32,198.33046195729372,13,202.5712884210412,14,205.66931437047577,30,206.26835904245894,45,207.4110182572881,38,208.25159438136453,20,208.82330887970107,16,209.152061221547,31,209.33403643917455,39,209.76777818473929,18,209.79502943973898,27,210.2783015897985,04,212.00032297277272,33,216.68589142160937,19,217.35780754238613,26,220.00510457383604,07,220.76301202557343,41,224.35454843295005,43,226.55113969197004,10,227.60743567670534,22,228.91478689943565,08,239.08391273877547,11,244.77395091507816,09,245.3010107264302,29,255.40279898151667,12,261.5027207026195,37,261.9956211847377,42,277.16387976917656,02,281.4957748322883,03,284.60289531004275,24,305.9913649567342,44,370.4812678126793,23,376.2054943091257,35,410.11780080864884,34,452.5479755043499,40,489.9286621832729,28,507.91278694254135,21,512.8444160497772,17,586.7529867909615
066,39,169.74544016244948,37,172.4604554478681,03,185.20033763695284,13,185.6462368887298,08,190.1737749402934,28,191.4332407920236,24,191.56778684679102,25,191.96354190149083,26,192.01130722053765,34,192.96355794865855,23,194.2797993521163,32,194.68651954113506,27,198.15533552778916,09,198.29869294266433,29,200.02869053427875,21,200.27014687789676,12,201.13552821889192,38,201.32747714820457,19,201.93657654700652,33,202.39437959009405,36,203.1153905404713,01,204.64656289599407,18,206.4732590680394,30,206.59309180417117,04,210.2266482841369,17,210.31818342638948,10,210.6784815681473,20,212.23902553333315,44,217.28418208082226,02,217.91160708165563,14,222.91536041455302,35,224.89137467066672,06,225.09048915331226,43,240.94863442429838,15,242.27910492736305,42,327.49301792573425,22,355.3921026330806,41,364.2992292359552,31,378.5613896356873,40,535.1839523784481,11,611.6921615183476,16,868.5814964984868,45,912.7404819249729,05,943.4922334543177,07,1069.8247699546605
067,19,153.77421837273613,22,162.63494592764428,39,162.95179671758117,09,163.27582662262782,20,163.3151562759063,35,165.25533125808798,43,165.34368152223982,17,165.5879073812222,03,165.77806608068698,24,166.2643001562089,36,166.4937632740394,26,167.44824640112697,34,168.22745916733066,33,169.26505900126796,11,170.2768270267737,31,172.19707045035668,32,174.3340160900331,27,178.46018073924242,21,179.6566313772172,25,179.84023837699957,41,180.35935231524223,29,181.91379911130383,02,182.2118147521825,38,182.97632026895292,18,184.01977158401078,10,184.9197638102277,01,185.05626528144714,14,187.98297212984852,45,199.16370932734443,42,204.98160284631763,23,215.67226312012053,15,219.24907459464438,12,257.9350553474143,28,264.56853700896005,04,267.0931160264922,05,270.22412504479166,30,283.474028063314,07,289.3816250030758,16,337.9199994508733,08,350.9079150105182,13,490.79178012870005,40,542.9846191204342,44,584.9131254158176,37,638.3218718515934,06,687.5438542508747
068,12,182.67026331361294,18,184.61405336017486,10,186.40938289818124,32,186.98986168535225,41,187.09479442379916,24,191.02615138148525,39,191.09838357114094,36,192.28960824698177,42,193.0196478497133,03,194.8933642983153,30,195.51318622576844,45,195.58897532723878,06,196.83414448697778,11,197.89241185741156,43,199.12211845920518,21,199.53089787955025,13,200.22063965116627,19,200.98916433710195,23,202.6798443137098,07,203.3387539929633,33,204.1954558546097,20,210.12448288053037,44,211.2725743858965,02,214.046584132007,31,215.82923398139891,16,219.4217150307714,37,221.67480361311837,29,223.51390940027704,17,227.8312226667495,38,233.90806677262822,04,235.38318318788862,14,246.75737639328304,05,257.49115263906526,09,279.09334505367815,28,293.4279738641026,34,333.22074594728144,40,333.28473338746295,27,339.578731156044,15,350.70034458657085,35,377.5082916723413,22,406.594803488346,08,427.38467721963644,26,443.07273746825547,01,445.0279754537978,25,486.1445873191362
069,03,138.3223741527366,24,141.52536652978407,10,143.10318943986317,34,143.28514352819053,45,143.46930285316094,13,145.40279458215173,18,145.49198671454536,08,146.66894909062069,02,147.04498001768258,15,147.05231786173297,31,147.72568960658847,35,147.76181823885818,37,148.00588220533888,12,148.71642849993341,26,149.4844529664711,21,150.87774507709133,39,151.22994042785638,07,152.9387240522793,30,153.12892488253874,36,153.13145283328558,27,153.14427359373136,20,153.27984212980857,09,154.33351941467896,44,154.73704518288622,19,156.20635560801156,32,156.5853824963727,25,157.02295434043924,11,158.18020102911697,41,158.27265210986943,17,158.3195675547876,04,162.40050592268958,33,164.22217826644163,38,165.47275905903507,42,170.72851772322073,29,179.8071493841298,43,180.07961863000426,23,180.39235749736048,14,182.48604765032934,01,184.15855127376025,28,189.43839012626182,22,210.9607353309989,05,247.3608637927182,40,291.9379659362602,06,298.5259596472625,16,324.70052173329304
070,01,124.52437336729324,03,125.64893977293207,16,128.2239485319737,25,128.64735527609363,22,128.85452366275942,40,129.92619389014502,35,130.41605737533735,33,130.634871711048,39,130.73359524765172,04,132.16972877121825,41,132.56325513382203,07,132.64847701063908,09,134.83217309434312,38,135.03566744284632,32,135.53359878496502,17,136.00309290584823,13,136.76244825190741,14,137.20205629511048,30,137.45002176009262,05,137.89286605663008,23,138.32302939375768,28,138.48613800566545,37,139.87865403554454,43,140.5251894870192,02,141.2129571944122,15,141.75793163900394,19,142.94918764724503,31,143.50761710391492,06,144.48849917336983,44,144.64405470830383,27,145.12744898433658,42,147.4515718208437,29,147.48779575094147,21,148.94596373870775,10,151.112998170928,12,151.9496702548434,34,152.9246740662646,18,155.19165382823604,24,158.27191995418178,20,159.60128750819263,08,161.59630129218962,26,163.1565939309973,11,164.75877310814326,36,166.33187283932386,45,168.97566436518062
071,41,176.03108893807763,12,180.28286962089553,20,181.09363776648053,31,182.36230877265064,08,183.10372421512747,14,184.17619194547456,10,184.6890938136451,35,184.93862304204066,15,185.3274939228322,23,185.8677128811601,13,186.69054428332925,38,186.74046674163122,32,187.40077089448923,29,188.92299291375676,19,189.22371426768683,11,189.72899794165312,02,190.2336361958391,40,191.12679665519437,17,192.18869184767792,34,192.65919279087709,44,193.46688238587188,04,196.56057310047095,36,197.83769029204063,39,223.1481552898953,25,224.24613835262727,45,229.59509834637666,30,240.36592331560217,27,240.7813406069019,09,250.31512076129653,07,250.96210768714712,43,257.04386982905436,22,262.8803910838061,05,278.6492597630505,24,278.84417735788946,42,285.6332676706097,16,294.89447723361684,06,310.75183433870734,01,336.73388531540644,26,351.1008004924988,21,382.6861722274621,33,391.04522900902646,37,402.2131912755327,03,417.62439513343435,18,418.2220270131288,28,422.407477221529
072,20,285.3439256891732,37,301.2653687042487,45,303.8321323710288,03,306.26957622277854,27,313.82409543767244,31,315.0540360672947,16,315.66001308348234,22,318.6623523257428,30,322.0589315752924,36,322.52463456709,43,325.7419947814746,17,326.16873292138956,02,328.17159869830124,18,330.01934295331023,28,332.0331525802651,11,332.1147345630935,29,332.9574020510911,42,333.47484941256505,40,333.5774122801341,26,341.4798358982922,33,349.6619893261161,41,349.9960385430918,08,351.7013013253804,32,354.48686568594195,24,368.7353089612003,01,372.3398431868743,19,376.5179078003529,39,386.260931693305,12,386.28466495834425,25,391.6652105470831,34,395.26340517988666,13,445.56378214512006,38,447.8927888101114,07,463.26363890736286,14,476.17435200347774,15,479.0926897816632,06,489.2315916375054,44,489.31744517886534,35,498.2604554114752,21,500.1140098508639,23,515.7036977627835,05,520.3892573791962,04,521.5505566013446,09,545.8354488215107,10,737.4965724632161
073,27,158.88393387825667,15,161.83290160727162,25,167.5849490138981,20,168.01035293523032,35,168.1581307879916,43,168.19570500359947,30,168.9049816158552,38,173.3796430670813,18,175.31213221325314,31,175.3545446043102,02,176.15318310577737,26,176.15342931863708,12,177.35969308026716,03,180.54505623479898,07,181.88254476389503,28,182.72683931425257,08,182.84823050235318,10,182.9692414216131,39,183.55239532863828,40,188.39371952351786,23,218.9403104860524,11,220.9043409921651,14,222.11828369291698,41,233.11594767388505,33,242.03121063763479,45,244.68663572956157,44,246.48148797897875,29,249.81177356301936,05,257.09811877449556,42,257.464614880128,01,262.2305991288335,09,268.11650157510076,13,268.40863427260575,21,276.46611840595415,06,283.7543674549253,24,285.9110531772741,19,292.59723516074024,32,306.42183752898694,22,311.6555703564711,17,321.0646137714918,37,322.6753649350091,36,337.7858102385168,34,343.0622694877894,16,431.1241762298133,04,452.4335826365297
074,22,134.50215242839047,10,143.51839035649522,35,144.07581702291327,26,144.30945523375996,44,145.37405791169445,06,147.45935420250663,25,150.4904233648439,02,151.5480303189533,23,154.53396024911805,40,155.20345934391725,12,155.97052450543214,14,156.2318086070521,33,157.91966965569333,01,158.2059048893492,42,159.78072549322232,21,159.84543295961683,45,160.23027644888992,07,160.65503135930845,27,161.1728530754077,39,163.0648013024143,37,163.1244684055651,32,165.45652492731125,03,166.2969445694186,29,167.4515435052194,08,169.3198104761918,11,169.50445927560173,15,171.53188396724255,16,172.31219767151129,05,173.08514618161317,30,176.15957763856926,18,178.2256818302215,24,180.8129206201241,17,180.9815868596227,36,180.98264138576403,34,181.0234927362027,04,184.55098315502389,28,189.38191014118428,38,189.42638520657948,19,190.76650638622004,43,194.44745487753175,20,228.0836992618262,13,236.69959675352365,09,246.13820571897932,41,268.77060709460375,31,305.66336246049434
075,03,149.90697146542897,42,163.14118367827706,34,163.58047816160393,25,163.6610655139416,05,163.8590100896509,21,168.20830725814352,01,169.98455188612928,15,170.44174587606386,43,171.7473171040508,27,171.95526391671052,14,172.06577877816636,06,172.21537611907613,07,172.39478955903078,23,173.20964722831903,02,174.54897017577463,22,175.05420656862256,45,176.35903574634438,41,176.64633350140048,10,178.222324028605,28,178.47846602770693,38,181.3796920143462,09,181.5132789502081,08,182.0520834777612,29,183.24203652308432,39,185.43040600182206,35,187.2771925968786,40,196.19302318803278,19,199.52364670519034,12,202.15475194743985,16,211.3251518048242,30,211.3716891642438,24,221.9364686323601,26,230.56833184894276,18,231.10828316042938,33,233.40603394171063,31,242.55849436115054,04,247.02077621550023,13,253.84652974548544,36,253.9555998556769,37,261.73361847970665,17,286.4271568946259,20,312.27504141376505,32,325.2698068868663,11,332.68083492590523,44,351.73308606206894
076,18,207.54605985235307,36,209.54820512026618,33,216.32634639694083,40,222.04894732468182,26,223.00281514689823,14,223.10587839434402,42,223.19928161825987,43,226.00629568010467,25,226.5155312917464,44,228.8680418291533,02,230.7270244854273,30,231.62887524258196,11,234.77812459501973,09,237.59521112980366,03,237.92918187061963,08,239.0859166682074,05,241.18505677098955,34,243.3729002658978,16,246.39137106654965,23,246.72938478843122,28,251.05889282383117,29,252.7936385697943,04,256.93975313242396,17,257.6412838624248,22,258.8325547078346,01,268.8739529063296,12,276.77453165465266,13,280.7122267301117,38,290.6086805578011,19,294.0294249888609,35,305.41310035717044,37,308.026416343928,06,310.84400842753575,45,316.65967273383455,27,330.93267708087734,39,349.9313411255134,32,352.2605172621183,20,360.7241590271999,07,360.7766575704118,24,366.4406375232733,15,368.9548320794869,21,370.81018306682716,10,395.3033643075294,31,415.2577438316768,41,449.058791669638
077,09,125.7119617677685,01,132.08617558003658,30,132.85323104841513,21,133.46306806957935,12,134.87956088160826,34,136.83463280824088,28,137.15153844384304,26,138.23184914370697,44,138.6016337188435,32,138.64821552524091,27,138.82090461861407,33,139.06111944244387,24,139.32982439158783,16,139.5588881631329,41,139.79317420856526,19,140.07173043888912,11,140.57732964243925,02,141.0291723853114,07,141.11075206804185,03,141.36996249929985,42,143.1191911151106,08,144.11372213688247,39,144.72449359044606,06,145.1152515408157,14,145.3219084169771,38,145.40463526774934,15,145.69108430097282,37,145.8339807011946,40,145.87041237108534,13,146.40713669906071,18,146.41614669512225,20,146.56656700350806,22,146.95448907732214,43,147.18574753601155,29,149.48862708020664,45,150.5868782045776,17,150.77042565369158,05,151.2084031244196,31,151.3977154718556,35,153.52527969238668,04,159.57458164471683,36,161.3183287086035,10,162.52720938291964,25,163.02578846992657,23,165.15817752136172
078,13,261.4164911862661,29,263.1855176571807,45,263.39073589432684,21,267.7938387985963,12,268.92204716402955,10,269.2397977203029,39,275.1004269330079,05,276.04503963489736,02,276.2452417630228,14,278.10312524617774,28,280.1030879833032,26,280.63433692719013,30,283.805159327021,09,285.12619066666076,37,285.40531081853607,27,285.7938161061625,42,289.1078374670194,32,294.99732715616665,11,297.4591339353733,33,298.5453322738568,38,298.78660456492173,20,301.41715841000735,15,305.17807745032445,07,330.1352487427334,34,330.2108447778167,01,333.693466411109,36,333.7954475527439,23,335.3091408037427,18,345.55716860042645,03,350.6388012454569,04,361.5240227316144,40,378.41499466659855,25,391.3311483875272,16,403.9453126993859,22,417.7593745028964,08,438.83383546964797,06,451.5809768373723,41,461.5792236962341,19,464.26166718990555,44,470.4652737511643,31,593.5982631024078,35,624.6093619546685,43,631.4356387948303,17,679.0150529875589,24,701.4560726282145
079,17,162.23283108627214,18,164.16815127681232,01,166.9911785919847,24,167.28120062111796,44,168.04589662370972,14,169.9917121143374,16,172.19247078303928,22,172.4704123959088,12,174.07150745493794,31,174.27345339912182,37,175.22090781541505,41,175.39033665507637,26,176.00531890933047,32,177.33255779920356,42,177.36053010351154,29,179.17668371972053,45,181.17738207624728,19,182.50692560761536,04,186.78950070338868,07,200.75349645605755,13,202.76798373538358,28,207.3317199560062,33,208.4868275045297,11,211.26608667132558,05,218.8804392594502,27,232.33632197515743,06,238.12547050960856,03,248.1889220826261,21,260.971572747814,30,262.4987493703539,08,264.2800654663535,23,268.0663691563592,10,270.2897923568276,20,273.92472580435225,38,276.495419454502,43,287.48853223449146,09,296.4242682701904,34,306.7033003964129,40,315.7293535789183,36,320.3164197172247,39,322.1171959557097,15,331.5065476170863,35,343.6706423852001,02,361.43556238844025,25,368.16444033163566
080,23,151.41682795852972,35,152.82879814002348,19,154.19082132717958,01,155.1442491805174,08,155.41205286862402,16,155.73184197785216,30,157.5933058807822,03,157.66617708930144,41,160.10264559068779,04,160.64016362843975,36,161.60826505923788,34,161.8489346220519,14,163.7683211070723,37,164.52052945250605,29,166.09014538020364,07,167.9117105797131,02,168.57402069396966,45,169.0052543239987,44,170.76802002539446,28,175.5405526613162,06,176.50165787783158,43,177.8395308212742,13,181.29003617903845,05,181.49021853315122,20,184.72548079068397,40,185.96499076347075,12,186.6493603421977,38,192.1027922100189,21,195.80320177967695,17,197.66417432933292,32,200.78780733463265,10,203.37690911278736,24,206.00156859273898,11,209.3798269580713,33,213.37114990980257,18,214.26214481757324,15,216.3470454397212,25,231.59962288267707,27,241.44531308917527,31,241.8144837203889,39,266.39794491758295,26,274.62921144246803,22,296.6724025121937,09,305.1047003518414,42,308.7501491902809
081,28,160.86246504814682,24,166.52385426074125,42,170.23879013705846,22,171.32725059221943,18,173.29989648187254,37,173.91867120531208,06,174.1909441031693,32,178.59791321834638,25,179.23354835905815,15,180.00662831294858,04,185.60229033345695,11,187.9093892252859,03,189.19081653418473,20,189.8810794705363,16,190.25559423540466,07,190.358459045026,27,191.103386110508,34,191.42577754955278,31,192.63801093149135,09,193.58699693025466,17,202.42586519291547,35,218.72875019049587,10,225.33200409461,36,229.39072214980223,13,230.30523755334033,30,230.899864416637,05,234.09893578305787,02,234.62199111056012,14,237.2365499551227,01,254.84567161368696,39,264.77704905910775,29,268.1382304664989,12,270.55371435117706,23,280.18556411570074,45,291.38241036843897,26,307.32301812315706,43,313.48257388864124,21,315.0051297035911,41,352.1190386964665,19,357.0550162646238,44,358.19544653714655,08,359.05595380687345,38,362.5004863813689,40,412.09077832199716,33,433.69391837120867
082,40,204.80758553382097,27,218.71963625795678,44,222.92210614382392,32,230.71316625301887,28,237.68424257105477,19,241.330163092134,23,247.97809239098288,42,260.8352344531428,43,260.9416638397844,04,261.3494456148214,41,263.9456251399228,01,264.38518935522313,05,267.75204936621356,39,269.5694291937462,10,270.0382031996304,33,270.5395407510176,35,272.4474685075739,38,274.19436740440943,17,275.44515058372565,08,276.08961416849587,14,276.8394511486731,25,277.12998151972727,36,286.96072939833596,34,287.0488073511957,12,288.21061155182633,21,288.68555638330236,11,289.3560463283665,06,306.17779843629467,13,311.2098184757753,16,315.6896279648947,22,525.0061915787701,09,553.7691903096168,07,609.3692026431074,20,612.5866969258889,37,626.7655123231555,24,636.7901088001978,18,638.6889440954925,31,685.0305043788134,02,741.4875108910217,29,754.3746886106409,30,780.8638858784798,45,796.0808779019375,26,856.4980452030537,15,894.7095507711529,03,916.5172518493167
083,26,152.39148823844272,31,154.53792645115055,23,157.8502101816,33,158.0756463384414,40,159.62211118889704,12,160.1729749857809,34,160.51135921089158,36,161.27304956018537,24,161.78112209534237,32,162.06518803012267,42,162.6039763915447,37,163.2308941252884,30,164.4346134271897,01,164.99505611100216,08,165.14934539655343,38,165.66195324066956,15,165.9360242709235,27,166.02265456538188,25,166.2633511311866,17,166.38073496555597,13,166.5095846573777,43,166.53601083435336,10,166.59668717250506,29,167.0568671701672,14,167.08807552210308,16,167.43524011525034,07,168.9300209484264,22,169.36514134130107,35,171.01320950270866,18,171.11891819936037,39,171.27992926426157,03,172.00679913414783,11,172.6692717273045,28,174.96592632685514,09,175.41015495321608,45,176.02786662386447,21,176.24669455484292,20,176.5873264401394,44,177.0125126744586,04,177.2333627663664,06,177.3922259321662,41,179.6411313587353,05,180.5623665299761,19,184.95534138345363,02,190.65114782764812
084,15,218.40862896374546,11,224.92591039612563,10,236.73299668040386,18,238.58536397244524,31,241.03487656553693,34,241.25476057614878,22,245.6964799712132,37,246.69878866920263,32,247.11932086730795,20,248.87769770775944,39,251.77444841918577,23,252.02837667057057,01,252.21771529017147,38,253.77650714756473,44,256.48236970782534,14,256.8786373548252,45,261.92155852556914,24,262.9009387586277,42,266.8997920228389,25,267.23802705437754,04,267.8691920581411,07,273.18664678916014,21,277.64701909869353,26,279.7594386841405,27,282.0217895342206,17,296.0573938615388,36,302.1364367397044,29,311.98488531820306,41,370.222311133999,03,376.7848044246808,13,377.8584219449446,08,386.0781428285674,30,392.3877043595222,09,409.9383989877815,35,445.7065706648552,05,464.36411111347525,19,477.8629393220537,33,484.3909652747453,02,507.4412236380143,43,535.9655809984687,28,569.0617613084517,12,570.7208433698895,40,586.0351625183561,06,594.1838683886862,16,687.4540855796861
085,38,197.2282905791397,30,198.32142419370444,01,202.89730981553214,32,203.11330883526472,08,205.471199106506,39,206.3177868370693,07,208.1714212180551,28,208.95472819158735,09,210.1727072191055,35,213.96741682498714,25,216.07070783342806,42,216.44581019631764,36,217.69309511003857,40,218.06764540902722,05,218.58445871991813,43,218.6052085256944,11,219.09134043510085,02,221.49657713026386,04,221.67983815622765,20,223.74270068487158,45,289.645874036809,13,319.6564491167559,22,348.6803348620796,18,379.13045235335755,29,382.9802513876069,14,383.78422532295764,06,391.7241307659971,10,397.3243263900725,34,409.1705173776052,12,409.8314347210145,31,416.726254727428,44,421.1429115856038,23,471.8011194937285,27,485.9121157086076,41,500.5649906452528,16,501.87997961547023,15,530.2011366633058,24,540.6402235512254,33,581.8617003798342,19,599.0340569968363,17,599.9490521799953,21,677.6132050180124,03,731.9358775845046,26,739.5451561231123,37,744.7181189785274
086,10,136.56949562641978,29,138.39116780831262,01,138.8156356204661,34,139.355402229699,03,139.9175580572203,07,140.19538661692215,27,140.2319302044946,21,141.97942039982652,40,144.90295090556023,15,145.48451921723344,38,146.014262633508,32,147.50973733239465,13,148.23769935951276,18,149.8155389699355,39,153.41167634406227,11,154.45297682454992,09,155.0514067726394,41,155.36839216657663,31,158.0073037055101,42,159.3764986624103,14,181.5295404615612,25,191.3800778303341,44,193.3982550626085,19,200.53195097717554,30,201.37721069648427,23,206.35861191927637,06,210.57591794947925,20,216.5935474074252,02,217.2809257805912,05,218.26082686145097,26,218.35575748410798,28,223.3466930274861,35,232.58285969233756,45,232.87166774798135,24,232.89172286043149,08,244.20827670291675,16,261.1728425800902,36,272.8722832546228,22,295.2883857768033,12,312.2205301620422,33,408.8111598641977,37,445.7988150788659,04,459.416207547741,43,463.7634737366293,17,481.17944793999106
087,40,138.74667378828877,10,141.87155178434347,41,143.0549735515278,34,145.18648641479334,42,146.0317176395985,12,147.54808462551236,27,150.03121272208418,29,151.7475209721875,35,153.81306443900357,30,154.5101651093355,45,154.75230409840256,33,156.04272100393914,25,156.1786943582785,32,158.80617509728916,20,160.4042884192839,22,160.63142003948283,44,162.75401584980875,43,163.93633315874345,05,164.90544094724046,07,170.86319491577711,16,183.07693934897455,18,187.77874609361635,39,189.02887756141746,28,200.58131538830338,15,242.6602197215973,13,254.52744156544009,11,257.4947182661389,37,259.7180780396567,08,265.04364640446,31,265.20163475160166,14,273.2875877265526,19,275.0488724462368,02,297.66066054890405,17,297.70071260006404,36,301.2570324726543,38,305.564504354447,04,315.45515981223906,06,333.0906699609197,01,342.852785852535,24,350.71058307606216,21,534.2894302458117,03,564.6886631006577,09,606.5638993053101,26,633.4853816808429,23,643.40930356511
088,17,207.0944132076267,33,209.5723294572841,10,233.24366156505886,45,234.3955721637833,29,236.47695306732103,37,238.80596998468292,26,240.52251936801468,03,240.75932075407553,13,243.13046772545962,18,245.42355366248904,25,250.03911114012993,36,253.03316519615288,19,254.8405801130378,02,256.7860133087387,34,258.0232689732905,32,259.12126648180015,38,260.445599523083,27,262.50268304048586,22,268.82795522087287,43,270.64733546593794,42,271.26403681859745,01,293.579675011072,04,300.52679751617916,40,310.1792832860745,35,326.7265665048125,16,330.79349440667585,30,339.29178986558037,20,366.19298209111156,07,379.5027288258299,08,382.6034083198065,39,392.37213807493674,12,393.39797978407506,14,401.0370322402582,21,403.8427870678548,24,404.75421481047897,06,409.53253268678384,11,419.2228274141683,41,420.32298993602734,09,437.1553606078981,15,437.22353603714464,05,451.2456846543082,31,459.42569727464206,44,459.57106688805453,28,525.1225675047342,23,525.8180628706468
089,10,133.38891877045543,35,135.33019997919604,40,136.5764480723445,36,137.19102502591983,01,142.82117845759296,12,143.18472406632685,16,143.94628369662385,27,147.33949577534946,23,147.51362260902067,45,149.38507442847975,41,151.1033760079064,31,152.1362882579014,22,153.42045399070872,26,153.73391713363762,37,154.34986412290593,13,155.1426777917677,44,156.09411213497734,17,157.18349844968543,25,158.72391118090894,29,168.71153913681786,03,169.37135042328575,28,186.58418692952108,34,211.90160926017796,24,221.2240973538964,42,225.34222161014753,04,230.2823790666101,05,231.1283473981942,11,232.75053481075116,21,233.60432955769903,02,235.45223010319563,33,248.0092434466375,18,248.0621711548543,19,249.05442176411248,09,249.63163633957214,39,256.29577043254284,07,271.35329035277033,43,281.1421944637019,30,304.7657638310398,08,316.879047257061,38,329.4400581228759,15,346.3825367342699,06,346.5045144462019,20,363.8740317406531,14,386.2881100026895,32,400.2003030510413
090,23,255.97966148558612,12,258.58802413253073,34,261.9142158515889,31,262.07300013051946,15,263.6876905540174,01,263.8459696700364,07,264.9418888816434,05,265.2797967031001,26,265.84948493978766,20,266.24064203568827,25,266.99569769212286,19,267.4097931462096,16,270.3841736606224,11,271.6516415154091,21,271.72326171962845,10,275.32067046785266,41,277.318634903564,37,280.57567004747204,18,282.40109097412517,32,284.86513672195616,29,284.91612199189115,03,288.53528178957816,06,299.87725729009225,42,305.67942405667657,24,312.1115348032006,45,334.35260501719296,43,347.35292386181703,08,348.0889320994238,40,352.37799999091004,30,352.70998389805135,44,360.3563067745602,14,376.95355491219317,09,378.7947067969026,02,391.23130763150675,13,410.46448305279125,33,411.05256606609936,35,413.09612182856273,39,426.0138923544374,27,466.92866339170166,22,470.975522546347,38,477.67925581321254,04,481.9688063202628,28,508.66682262314015,17,519.8563392194517,36,590.6684677203729
091,31,147.56900671222405,18,153.38040242111828,42,153.58696348122297,03,154.09622748259739,34,154.18960455935874,05,154.28851314358525,21,154.61514442314032,28,157.40116253704767,17,157.64791176333227,36,157.78045424607186,30,158.05717370691593,32,158.83074063587728,23,159.16451463112816,06,162.38287826632373,16,162.6435749862529,20,163.9726638867873,45,164.5246027678108,43,168.16722216014443,33,170.10956011236067,12,188.9607247322564,39,197.13698023073178,15,206.3582740333456,13,223.99802255535351,14,226.19788751985143,29,260.0210458249865,37,273.37223810770666,22,310.2780334522772,01,315.6272173661957,35,317.28768511525885,10,325.2478525363623,19,349.89194386759334,09,360.4480394377471,27,367.51908740978035,25,369.5658172679676,41,374.112947612037,04,375.9040991287791,08,375.92112828974683,26,400.79593756910396,24,402.31294618755084,44,403.2010479355367,38,403.7714244542592,11,444.0802474231779,07,457.0969851639052,40,540.0961166907088,02,582.0655073441765
092,40,186.42681665590368,13,188.5130684652245,19,188.93041993914932,23,194.15053644719677,07,195.69725835382977,09,197.48339956184822,33,197.52224604983684,10,200.75429054431913,27,200.98832420443904,36,201.3919310855219,01,201.43168642467646,31,201.92326646758409,18,207.1411831619474,03,208.1157516205987,15,211.53780796361065,37,212.3157528746436,20,212.70220017477146,24,213.12963461260887,38,214.2286087216932,14,214.45806082267313,29,215.79935694255892,25,216.96389516968742,06,228.0290892656203,32,228.59524100858926,35,232.84666452716888,17,237.12255959426096,28,240.02135452718466,45,241.82421047098788,11,258.33501653813966,12,260.57847328163905,16,301.68649541295196,43,302.53356526984004,30,382.6133643233743,26,382.90724423494277,42,383.3470550320454,08,427.3708556157204,04,455.7812235635929,05,480.4286607644337,34,492.4387581674033,41,509.61177641624056,39,530.8951845517525,21,531.9016316511963,22,610.14277506985,44,627.3482057247786,02,984.332916833119
093,26,245.37487546261917,40,246.52857622390047,04,247.06699342801457,13,247.85923817855314,18,247.90343401836026,14,251.7643904044815,28,263.9344164139467,22,266.94217419708684,06,270.2886491841573,19,274.43619327459817,27,295.14325103178635,24,306.4762413675822,02,307.16475038064084,29,307.60123710638675,35,314.9611581479695,01,327.61080659695403,32,330.4293255816021,45,344.8125131067507,10,347.6258288054604,16,349.2032432033144,07,354.5054221065701,30,356.4357010419883,03,357.9187301989835,25,358.73636630784625,15,360.5481071678762,41,363.43785460196665,34,367.29715739759814,05,368.0956853426276,43,376.96521191781295,17,377.5048981227172,36,378.0759826181786,11,378.3173937936988,44,378.70448204948286,38,392.08677691293,12,395.61522012250816,42,397.0471950455102,39,400.6611207935262,23,403.038328617299,37,408.68728168845183,09,414.09251527266844,08,424.16069654498807,21,437.96557253595176,31,444.71205543862334,33,534.7929447786066,20,641.1021084836087
094,30,203.7477125458729,27,215.53405197925022,04,220.4887996576953,12,222.73453289399632,44,225.87960779219208,18,228.7650568498591,26,229.0716652134053,15,231.3196620381431,38,231.38946309488674,11,234.47094226031604,03,239.28276283250034,19,241.1499724049942,40,242.43670158429,16,242.57414873859452,42,243.15388781098426,14,243.77836786532743,20,246.54419514170212,25,249.3379265511207,02,251.04060464252856,10,251.68146035769732,08,252.2382690730295,29,256.143438633845,36,259.20344220850944,05,259.26675349745295,24,262.29041372988274,13,267.4909062412283,32,282.6095376574745,34,295.6183374070314,33,297.18317725357986,31,303.7293493134125,28,307.9823857347489,45,329.0051086144427,06,344.53451444903214,43,356.11048877013684,09,485.91740473920424,01,495.72435575667004,21,513.5132644156304,22,520.4917817937027,23,525.9108041616457,37,535.1166803840022,39,549.1427700399719,17,581.285759450511,07,608.8793229307295,41,612.7004364904935,35,728.1533881998894
095,35,242.59420964535838,28,251.03089898759518,36,251.2048353232216,15,251.35977411298853,13,251.58222371529178,42,251.85698168483168,23,253.87633235315064,41,254.79851856143577,09,255.34922646879608,12,260.29003248146535,37,261.2826412236426,08,263.652285603927,29,264.39475675718575,34,266.4250092984854,04,266.4829684940524,30,268.7631085780386,32,272.8119731883602,26,273.0203844475882,03,275.28293219271234,06,276.7285874551835,44,279.56551039999533,11,285.4410413275425,27,286.17675991202,05,298.56601379170445,45,300.7996273405984,43,327.8835085896461,18,330.74128754811153,20,350.67670189934177,07,365.37201667998585,01,365.970357995206,17,407.93335887670776,24,436.1219182099947,40,438.763488633531,19,475.49757229628574,39,530.276852892255,10,549.5143785118566,31,554.9125254934173,22,563.0928508790073,21,584.700535023239,38,621.8817281998606,33,635.9091837126114,16,712.7348232851215,02,735.7219582088195,25,764.0183063935488,14,780.762919086521
096,17,158.95552267037937,31,173.9034304906482,16,176.27660461744466,40,183.45879434431384,18,184.84779383734227,03,186.73241819893227,05,189.68067914357138,30,189.8058360541081,39,190.80500867581824,34,192.7550242952776,12,193.49002651987445,26,198.7582706375211,32,198.9529730389786,10,200.21126968207736,04,203.40180835521835,02,203.72456470970457,08,204.04113888041786,15,205.6957105557981,44,212.6919071437304,19,212.77671157128756,38,213.87137474261198,25,214.10353743440413,07,214.60257318120085,37,217.50177213732553,11,233.04735152509943,29,252.22692290252854,22,252.6595352120948,42,260.3864115908054,27,261.93926025235174,13,264.5731033095862,14,290.00512086390506,41,299.21945999511837,21,300.23150461958573,23,306.94395943159674,43,335.0940462448044,28,361.11360545161483,20,389.3621664879914,01,395.41864726525455,06,399.66985622060713,09,432.99343131283166,45,457.5686729956495,24,484.54560555616473,35,499.03238836558984,33,536.6340166935701,36,583.7624882724264
097,36,201.4847555922287,25,207.7152675982461,30,208.56712340901677,02,213.55788492332152,42,216.3736447839095,07,218.34577663321792,04,222.18086636907043,40,223.56350053366523,10,253.9912392845738,28,254.29451627162808,43,254.39039644135983,27,255.1029324646407,12,260.0215990124067,19,263.2619683954393,08,267.7931014762739,39,274.1584177521528,17,275.3779442168107,22,277.10509050764506,13,280.64259852158716,32,286.3610582851445,45,288.81981211543797,38,293.50040945100164,26,293.5602778142073,15,295.46383937295,03,296.38670143181014,29,297.9805852472708,20,317.8984610200993,24,340.3554912744416,06,340.6079766903082,41,399.2095762789994,31,436.2958996466241,44,476.3284524866555,05,503.42802870882804,14,514.1626420112757,21,546.3378445061048,37,561.1226864500017,35,562.8508956789112,11,564.4028958428231,33,569.3199806436262,01,593.8309144772796,16,600.7421613974924,09,614.2765312373281,23,631.2282661381114,34,646.950569173772,18,654.582499665509
098,13,266.4428844666051,39,268.5299106108441,29,274.16391304533624,45,281.37674113023706,21,283.1614104448137,05,288.63088020162513,20,288.81024070287873,01,293.7545771232911,37,295.5727164587797,04,302.1101769723617,43,302.9980142488513,31,305.26351689418266,06,305.37192650621284,30,309.44225657877536,23,310.681693661327,19,311.0292298989186,12,312.72158852906,11,313.3033074341391,16,318.0545500272573,27,318.3761339288757,41,323.4982630084266,09,329.39477226323726,26,330.31523028040505,36,331.9333337951747,08,338.6966104977107,03,341.1977919295615,15,342.4491566748332,10,348.7768598175203,02,350.41943072454217,07,360.9623593393959,17,372.9819590903611,22,381.1448803722278,40,457.90897098511687,28,466.86223082243157,44,530.4935237706247,32,532.2128849995472,24,606.85079975705,34,620.1936682083439,33,645.7745139820024,18,651.0013659571727,14,675.5222759966434,25,731.9132383845123,42,740.5483461231541,38,802.9583992390101,35,925.7933917683673
099,18,193.97239424645704,23,196.75629692904644,37,203.62819081337997,29,209.24383424416516,38,210.44437989988086,25,213.04069458297099,33,214.7813621395256,15,215.64353681137982,26,218.39073779011113,42,219.7075632966355,13,221.32288923747464,45,222.78761485797585,20,227.9793198058323,11,234.81689906695829,07,239.97303117766586,03,246.88580215064422,34,250.874838231875,39,251.31872571721755,35,253.30608601367697,21,255.16035594208012,36,258.72271189075934,08,260.4151448763661,41,260.8592820135709,22,261.11646455378934,02,262.9558347001549,27,266.6640722851672,43,268.6908685231692,14,269.7363881012922,30,275.8896706462832,44,276.2990964922332,04,276.54996433313784,17,278.03357274495875,32,282.90887296655734,28,290.4997105660176,06,303.65564303947724,12,314.53941363937264,09,315.0031543702141,10,316.85697586295794,31,340.3880465784065,05,395.4353992175866,40,490.846552890125,19,520.7092397097549,01,529.6565986405074,16,565.1192906400671,24,653.6206078292431
100,20,116.22891005232778,17,117.57024140387625,39,118.41564140069977,09,118.6063318678714,31,118.96541118126311,27,119.42715805970226,35,122.63675499265601,10,122.8437621015199,24,122.84881255345297,29,123.03631290293526,37,124.26427021556374,11,124.33380786682149,44,124.65009054081153,45,124.80191045039571,26,125.58836202946922,12,126.55809919774318,08,128.42644629072305,21,131.4476106689918,34,131.9455928439771,06,132.3503257749811,16,133.54711137939677,04,138.29702168050778,25,138.6234300658036,15,140.50030589535424,43,143.73578273069978,32,143.89811668332672,02,146.06976428510183,28,147.44719269697106,23,147.84283263091652,14,150.67149840083127,13,150.7279184928214,03,151.02852399717952,38,152.70374680165943,41,158.40504757474977,05,158.6593179987003,01,159.28337657066416,36,162.31102032404834,18,165.5087915247166,42,171.08399086443902,40,204.99722145337196,22,225.10361071570622,33,232.49269755477607,19,235.9417704458383,30,238.2225105628675,07,241.41287821217557
